{"meta":{"version":1,"warehouse":"4.0.0"},"models":{"Asset":[{"_id":"source/CNAME","path":"CNAME","modified":0,"renderable":0},{"_id":"source/assets/blogImg/ithanker.jpg","path":"assets/blogImg/ithanker.jpg","modified":0,"renderable":0},{"_id":"source/assets/blogImg/night.jpg","path":"assets/blogImg/night.jpg","modified":0,"renderable":0},{"_id":"themes/yilia/source/main.0cf68a.css","path":"main.0cf68a.css","modified":0,"renderable":1},{"_id":"themes/yilia/source/main.0cf68a.js","path":"main.0cf68a.js","modified":0,"renderable":1},{"_id":"themes/yilia/source/mobile.992cbe.js","path":"mobile.992cbe.js","modified":0,"renderable":1},{"_id":"themes/yilia/source/slider.e37972.js","path":"slider.e37972.js","modified":0,"renderable":1},{"_id":"themes/yilia/source/fonts/default-skin.b257fa.svg","path":"fonts/default-skin.b257fa.svg","modified":0,"renderable":1},{"_id":"themes/yilia/source/fonts/iconfont.16acc2.ttf","path":"fonts/iconfont.16acc2.ttf","modified":0,"renderable":1},{"_id":"themes/yilia/source/fonts/iconfont.45d7ee.svg","path":"fonts/iconfont.45d7ee.svg","modified":0,"renderable":1},{"_id":"themes/yilia/source/fonts/iconfont.8c627f.woff","path":"fonts/iconfont.8c627f.woff","modified":0,"renderable":1},{"_id":"themes/yilia/source/fonts/iconfont.b322fa.eot","path":"fonts/iconfont.b322fa.eot","modified":0,"renderable":1},{"_id":"themes/yilia/source/fonts/tooltip.4004ff.svg","path":"fonts/tooltip.4004ff.svg","modified":0,"renderable":1},{"_id":"themes/yilia/source/img/default-skin.png","path":"img/default-skin.png","modified":0,"renderable":1},{"_id":"themes/yilia/source/img/preloader.gif","path":"img/preloader.gif","modified":0,"renderable":1},{"_id":"themes/yilia/source/img/scrollbar_arrow.png","path":"img/scrollbar_arrow.png","modified":0,"renderable":1}],"Cache":[{"_id":"source/CNAME","hash":"cd3755d1570e8633e1c2649b763d811c9188f16c","modified":1603885775847},{"_id":"source/_posts/01-MyFirstBLOG.md","hash":"47b529e294d903d75242c8e34098b94084e892c0","modified":1603800355055},{"_id":"source/_posts/2020-10-27-blog1.md","hash":"95073866d5abcc525fe9d7742866844654822f65","modified":1603803369933},{"_id":"source/assets/blogImg/ithanker.jpg","hash":"2960f7634a69ed4824c4df7d15ca4daaa5d80c63","modified":1603885775848},{"_id":"source/assets/blogImg/night.jpg","hash":"207380471b7c50c96c966e7a8710900facaf416d","modified":1603885775849},{"_id":"themes/yilia/layout/_partial/toc.ejs","hash":"da39a3ee5e6b4b0d3255bfef95601890afd80709","modified":1603800355076},{"_id":"themes/yilia/.babelrc","hash":"db600d40e93e6d8023737a65d58d3be7370e5e30","modified":1603800355057},{"_id":"themes/yilia/.editorconfig","hash":"daaa8757fac18f8735fadd0a37a42c06f421ca14","modified":1603800355057},{"_id":"themes/yilia/.eslintignore","hash":"ed9d8911ca08c3dd5072c48dd0be4d06f8897730","modified":1603800355058},{"_id":"themes/yilia/.eslintrc.js","hash":"303d25adf02ad65720e537a16a4a137d14bb755f","modified":1603800355058},{"_id":"themes/yilia/.gitattributes","hash":"758cfbecfa7919e99abddf3297f37cde7e3d8d4e","modified":1603800355059},{"_id":"themes/yilia/.gitignore","hash":"d5fc575329853ff620b50fc62ad4b18fa09a308a","modified":1603800355059},{"_id":"themes/yilia/README.md","hash":"1bf755806af9d8874bd22e1abbdaaa24328ef4dc","modified":1603800355060},{"_id":"themes/yilia/_config.yml","hash":"14755fbab985d4cd48f3d22697e0f81ec2fe1908","modified":1603800355060},{"_id":"themes/yilia/package.json","hash":"ee6aa61f1cb89fd549e3e087c0232207a9c9ee30","modified":1603800355080},{"_id":"themes/yilia/webpack.config.js","hash":"da7657347109ddb4ab8602b219778117254677fe","modified":1603800355117},{"_id":"themes/yilia/languages/default.yml","hash":"f26a34a7983d4bc17c65c7f0f14da598e62ce66d","modified":1603800355061},{"_id":"themes/yilia/languages/fr.yml","hash":"b4be1c1592a72012e48df2b3ec41cc9685573e50","modified":1603800355061},{"_id":"themes/yilia/languages/nl.yml","hash":"3d82ec703d0b3287739d7cb4750a715ae83bfcb3","modified":1603800355062},{"_id":"themes/yilia/languages/no.yml","hash":"ddf2035e920a5ecb9076138c184257d9f51896a7","modified":1603800355062},{"_id":"themes/yilia/languages/ru.yml","hash":"2a476b4c6e04900914c81378941640ac5d58a1f0","modified":1603800355062},{"_id":"themes/yilia/languages/zh-CN.yml","hash":"b057f389c6713010f97d461e48ec959b0b6f3b44","modified":1603800355063},{"_id":"themes/yilia/languages/zh-tw.yml","hash":"f5f0ca88185da7a8457760d84bf221781473bd7c","modified":1603800355063},{"_id":"themes/yilia/layout/archive.ejs","hash":"2703b07cc8ac64ae46d1d263f4653013c7e1666b","modified":1603800355078},{"_id":"themes/yilia/layout/category.ejs","hash":"765426a9c8236828dc34759e604cc2c52292835a","modified":1603800355078},{"_id":"themes/yilia/layout/index.ejs","hash":"ec498c6c0606acde997ce195dad97b267418d980","modified":1603800355078},{"_id":"themes/yilia/layout/layout.ejs","hash":"b471ab706d48e0be3f783eab1c94bf5878ef5a94","modified":1603800355079},{"_id":"themes/yilia/layout/page.ejs","hash":"7d80e4e36b14d30a7cd2ac1f61376d9ebf264e8b","modified":1603800355079},{"_id":"themes/yilia/layout/post.ejs","hash":"7d80e4e36b14d30a7cd2ac1f61376d9ebf264e8b","modified":1603800355080},{"_id":"themes/yilia/layout/tag.ejs","hash":"eaa7b4ccb2ca7befb90142e4e68995fb1ea68b2e","modified":1603800355080},{"_id":"themes/yilia/source/main.0cf68a.css","hash":"ddf6e2c6b953c2c59a3c271e6070010a4cc81cf9","modified":1603800355113},{"_id":"themes/yilia/source/slider.e37972.js","hash":"ce5eac88301fe4f2fce0fb6203adfd58eb8313ac","modified":1603800355117},{"_id":"themes/yilia/source-src/css.ejs","hash":"cf7eab48d626433120d1ef9697f719a359817018","modified":1603800355081},{"_id":"themes/yilia/source-src/script.ejs","hash":"28abac2426761d7e715b38aadd86ce6549c8ae77","modified":1603800355107},{"_id":"themes/yilia/layout/_partial/after-footer.ejs","hash":"c70f367f54064a441e574c913f5e0ea121d0f899","modified":1603800355064},{"_id":"themes/yilia/layout/_partial/archive-post.ejs","hash":"edc0154b30a4127acda10297bec6aacf754b4ac4","modified":1603800355064},{"_id":"themes/yilia/layout/_partial/archive.ejs","hash":"a4eacc2bc1278095a0ef99f904b0634c78f980eb","modified":1603800355065},{"_id":"themes/yilia/layout/_partial/article.ejs","hash":"8dea8f5f93a60185439b330b0f1d1649a6ab4bd0","modified":1603800355065},{"_id":"themes/yilia/layout/_partial/aside.ejs","hash":"751e5deab5365348be5243688b419c82d337ab9a","modified":1603800355066},{"_id":"themes/yilia/layout/_partial/baidu-analytics.ejs","hash":"155327c23607f69989b58845f24d842a54e504b8","modified":1603800355066},{"_id":"themes/yilia/layout/_partial/css.ejs","hash":"236f8a377b2e4e35754319c3029bcd4a4115431d","modified":1603800355067},{"_id":"themes/yilia/layout/_partial/footer.ejs","hash":"f7d431717248062d2666b69927d40d2e62d547d7","modified":1603800355068},{"_id":"themes/yilia/layout/_partial/google-analytics.ejs","hash":"1ccc627d7697e68fddc367c73ac09920457e5b35","modified":1603800355068},{"_id":"themes/yilia/layout/_partial/head.ejs","hash":"12ca7d8dba56bc767b9309dda9526dcbaffc1614","modified":1603800355069},{"_id":"themes/yilia/layout/_partial/header.ejs","hash":"b69855e07b65117769adc515cb64b803932068c9","modified":1603800355069},{"_id":"themes/yilia/layout/_partial/left-col.ejs","hash":"fb1b8457b9eb15b55da1bf7b133e12c375dd26f8","modified":1603800355070},{"_id":"themes/yilia/layout/_partial/mathjax.ejs","hash":"11550a418921d330e6553be0569a94ab5a217967","modified":1603800355070},{"_id":"themes/yilia/layout/_partial/mobile-nav.ejs","hash":"ccec1fc70f021cb50ac85b524e7949878ab93a18","modified":1603800355070},{"_id":"themes/yilia/layout/_partial/tools.ejs","hash":"0ffcb251b79e8a920c9b4cb6bb7a96a808816165","modified":1603800355077},{"_id":"themes/yilia/layout/_partial/viewer.ejs","hash":"cc1c39903aed0a0601d104238d2bbd13ad2a36f3","modified":1603800355077},{"_id":"themes/yilia/source/fonts/default-skin.b257fa.svg","hash":"2ac727c9e092331d35cce95af209ccfac6d4c7c7","modified":1603800355108},{"_id":"themes/yilia/source/fonts/iconfont.16acc2.ttf","hash":"f342ac8bf4d937f42a7d6a0032ad267ab47eb7f2","modified":1603800355108},{"_id":"themes/yilia/source/fonts/iconfont.45d7ee.svg","hash":"75767c904d483d9b93469afb6b92bb6bdface639","modified":1603800355109},{"_id":"themes/yilia/source/fonts/iconfont.8c627f.woff","hash":"aa9672cb097f7fd73ae5a03bcd3d9d726935bc0a","modified":1603800355110},{"_id":"themes/yilia/source/fonts/iconfont.b322fa.eot","hash":"bc8c5e88f4994a852041b4d83f126d9c4d419b4a","modified":1603800355110},{"_id":"themes/yilia/source/fonts/tooltip.4004ff.svg","hash":"397fe4b1093bf9b62457dac48aa15dac06b54a3c","modified":1603800355111},{"_id":"themes/yilia/source/img/default-skin.png","hash":"ed95a8e40a2c3478c5915376acb8e5f33677f24d","modified":1603800355112},{"_id":"themes/yilia/source/img/preloader.gif","hash":"6342367c93c82da1b9c620e97c84a389cc43d96d","modified":1603800355112},{"_id":"themes/yilia/source/img/scrollbar_arrow.png","hash":"d64a33c4ddfbdb89deeb6f4e3d36eb84dc4777c0","modified":1603800355112},{"_id":"themes/yilia/source-src/css/_core.scss","hash":"29ba600e98ed55f7af4ade8038272c84cba21188","modified":1603800355082},{"_id":"themes/yilia/source-src/css/_function.scss","hash":"ce227b6f5a9af194fd5d455200630f32c05e151f","modified":1603800355082},{"_id":"themes/yilia/source-src/css/archive.scss","hash":"d6a7dd88404b383b5b94e4c7ec675a410c41f3cc","modified":1603800355082},{"_id":"themes/yilia/source-src/css/article-inner.scss","hash":"f7388f5c11370ef462f7cb913d8f72edf24ecaf9","modified":1603800355083},{"_id":"themes/yilia/source-src/css/article-main.scss","hash":"1577a2336b3ad122f49f60dff2bc1a97d4e7b18b","modified":1603800355084},{"_id":"themes/yilia/source-src/css/article-nav.scss","hash":"8f82fe898ba1c1bd00c24a7d8270feddc7eba3bc","modified":1603800355084},{"_id":"themes/yilia/source-src/css/article.scss","hash":"55d082fec4c6bb341725567acaa29ce37d50320a","modified":1603800355085},{"_id":"themes/yilia/source-src/css/aside.scss","hash":"07244c188f58ecfb90bb7c047b8cde977f1dc4b4","modified":1603800355085},{"_id":"themes/yilia/source-src/css/comment.scss","hash":"b85f344f2c66d43d7094746e0a9ccb21d0534201","modified":1603800355085},{"_id":"themes/yilia/source-src/css/fonts.scss","hash":"96d7eb1d42c06fdcccb8ef969f6ecd30c3194903","modified":1603800355089},{"_id":"themes/yilia/source-src/css/footer.scss","hash":"7ca837a4cc34db1c35f01baec85eb10ccc64ea86","modified":1603800355092},{"_id":"themes/yilia/source-src/css/global.scss","hash":"b4cb4f45a55d4250cd9056f76dab2a3c0dabcec4","modified":1603800355092},{"_id":"themes/yilia/source-src/css/grid.scss","hash":"f53ea8270752b5919ec5d79224d22af91f2eda12","modified":1603800355093},{"_id":"themes/yilia/source-src/css/highlight.scss","hash":"40e5aa5056dc0b3b9f51c5b387370b612e265d4e","modified":1603800355093},{"_id":"themes/yilia/source-src/css/left.scss","hash":"80dac621e43581a254d0152d5df901e4d0b01c09","modified":1603800355095},{"_id":"themes/yilia/source-src/css/main.scss","hash":"9eba1fcf4805256697528fcf3b767cf6dd8d0591","modified":1603800355095},{"_id":"themes/yilia/source-src/css/mobile-slider.scss","hash":"19f10fd2f0c3377aa4b165b3c2291ecf86dd9351","modified":1603800355096},{"_id":"themes/yilia/source-src/css/mobile.scss","hash":"d995dcd483a250fe61b426158afb61bf8923a927","modified":1603800355096},{"_id":"themes/yilia/source-src/css/page.scss","hash":"244c4d75c375978ff9edb74acc68825e63c6b235","modified":1603800355097},{"_id":"themes/yilia/source-src/css/reward.scss","hash":"a557a9ed244c82b8b71e9da9de3339d92783499f","modified":1603800355097},{"_id":"themes/yilia/source-src/css/scroll.scss","hash":"2495f7e4e3b055735c531f944b5f40a118a351ec","modified":1603800355098},{"_id":"themes/yilia/source-src/css/share.scss","hash":"9d6f6884f40c191882e56a1e1e1192400944a515","modified":1603800355098},{"_id":"themes/yilia/source-src/css/social.scss","hash":"a10a038a1dac8953cb4ffc7e04272eff9fac54e4","modified":1603800355098},{"_id":"themes/yilia/source-src/css/tags-cloud.scss","hash":"399744e98e7c67939ed9b23c2670d8baad044eda","modified":1603800355099},{"_id":"themes/yilia/source-src/css/tags.scss","hash":"915c93edd67c5326695cc7dc84b14c5f154dbcc8","modified":1603800355099},{"_id":"themes/yilia/source-src/css/tools.scss","hash":"2924fb6f77c4a9973cd928c2c7db0acb848ed483","modified":1603800355100},{"_id":"themes/yilia/source-src/css/tooltip.scss","hash":"b81cedbe31accca82e597801186911a7b5e6841c","modified":1603800355100},{"_id":"themes/yilia/source-src/js/Q.js","hash":"e56d9710afa79b31ca6b9fbd845f6d1895f5214b","modified":1603800355101},{"_id":"themes/yilia/source-src/js/anm.js","hash":"d18f6276a352b871390a4112d479b9e58b8cdbbe","modified":1603800355102},{"_id":"themes/yilia/source-src/js/aside.js","hash":"5e4c3c3d61f1e1ce2f09688d3aff25fadc851fff","modified":1603800355102},{"_id":"themes/yilia/source-src/js/browser.js","hash":"4dc04845cf27f350922b63f1813a9c82e6e33b05","modified":1603800355103},{"_id":"themes/yilia/source-src/js/fix.js","hash":"67b8819abb886c9d066fb3b0624ca15e06f63fe0","modified":1603800355103},{"_id":"themes/yilia/source-src/js/main.js","hash":"fe98bf90ce61658fe16ae057f8b6a512a845af3b","modified":1603800355103},{"_id":"themes/yilia/source-src/js/mobile.js","hash":"461c08ffcbc724d74ec7e0ff38e171eefe0f89fd","modified":1603800355104},{"_id":"themes/yilia/source-src/js/report.js","hash":"57680f9a23bd0a1eaafd64ae08cc33e20627ab15","modified":1603800355104},{"_id":"themes/yilia/source-src/js/share.js","hash":"d4ccff8266c37363b3904226f5d035b7db882c61","modified":1603800355105},{"_id":"themes/yilia/source-src/js/slider.js","hash":"0beaa112657ad57c723d9e773d5b79de60c1dd74","modified":1603800355106},{"_id":"themes/yilia/source-src/js/util.js","hash":"3bcdeb95072b85600874424e6929e3e22cfddaa0","modified":1603800355106},{"_id":"themes/yilia/source-src/js/viewer.js","hash":"c699cf3c89409ec8f044258e0715a470861b5d5d","modified":1603800355107},{"_id":"themes/yilia/layout/_partial/post/category.ejs","hash":"e777cbf959b11c4dfda649c562799899b90ab4a3","modified":1603800355071},{"_id":"themes/yilia/layout/_partial/post/changyan.ejs","hash":"086c8a88fd3bcae7ec13258df58e25d6354af2fa","modified":1603800355071},{"_id":"themes/yilia/layout/_partial/post/date.ejs","hash":"aae96de18d48cd3b9b7bf6fed0100e15b53cca97","modified":1603800355072},{"_id":"themes/yilia/layout/_partial/post/duoshuo.ejs","hash":"f6b4c4eaafb5ac386273354b5f64a26139b7a3b0","modified":1603800355072},{"_id":"themes/yilia/layout/_partial/post/gitment.ejs","hash":"25655016773aa5d0774c56115ae1736a9fc9ea1f","modified":1603800355073},{"_id":"themes/yilia/layout/_partial/post/nav.ejs","hash":"b6a97043f9ec37e571aacacfedcda1d4d75e3c7c","modified":1603800355073},{"_id":"themes/yilia/layout/_partial/post/share.ejs","hash":"345b262e3c3b75c0cd9a93d9ecabcf06e33e54ff","modified":1603800355074},{"_id":"themes/yilia/layout/_partial/post/tag.ejs","hash":"2c4e4ca36c9bb4318506c38aca7127f1f44d827f","modified":1603800355074},{"_id":"themes/yilia/layout/_partial/post/title.ejs","hash":"d4a460a35e2112d0c7414fd5e19b3a16093f1caf","modified":1603800355075},{"_id":"themes/yilia/layout/_partial/post/wangyiyun.ejs","hash":"fb022502c741b4a26bad6b2ad37245c10ede3f1a","modified":1603800355075},{"_id":"themes/yilia/source-src/css/core/_animation.scss","hash":"1834c3ed8560716e63bb3a50be94cac87fbbeaf3","modified":1603800355086},{"_id":"themes/yilia/source-src/css/core/_media-queries.scss","hash":"262ffcd88775080b7f511db37f58d2bcb1b2bfc7","modified":1603800355087},{"_id":"themes/yilia/source-src/css/core/_mixin.scss","hash":"91db061c9c17628291a005e5bd4936cf9d35a6c4","modified":1603800355087},{"_id":"themes/yilia/source-src/css/core/_reset.scss","hash":"398a49913b4a47d928103562b1ce94520be4026a","modified":1603800355088},{"_id":"themes/yilia/source-src/css/core/_variables.scss","hash":"6e75bdaa46de83094ba0873099c6e7d656a22453","modified":1603800355088},{"_id":"themes/yilia/source-src/css/fonts/iconfont.eot","hash":"bc8c5e88f4994a852041b4d83f126d9c4d419b4a","modified":1603800355090},{"_id":"themes/yilia/source-src/css/fonts/iconfont.svg","hash":"75767c904d483d9b93469afb6b92bb6bdface639","modified":1603800355090},{"_id":"themes/yilia/source-src/css/fonts/iconfont.ttf","hash":"f342ac8bf4d937f42a7d6a0032ad267ab47eb7f2","modified":1603800355091},{"_id":"themes/yilia/source-src/css/fonts/iconfont.woff","hash":"aa9672cb097f7fd73ae5a03bcd3d9d726935bc0a","modified":1603800355092},{"_id":"themes/yilia/source-src/css/img/checkered-pattern.png","hash":"049262fa0886989d750637b264bed34ab51c23c8","modified":1603800355094},{"_id":"themes/yilia/source-src/css/img/scrollbar_arrow.png","hash":"d64a33c4ddfbdb89deeb6f4e3d36eb84dc4777c0","modified":1603800355094},{"_id":"themes/yilia/source-src/css/img/tooltip.svg","hash":"397fe4b1093bf9b62457dac48aa15dac06b54a3c","modified":1603800355095},{"_id":"themes/yilia/source/main.0cf68a.js","hash":"283ae27ea37ac3e0e45b2e05c2482a4c594b9c25","modified":1603800355114},{"_id":"themes/yilia/source/mobile.992cbe.js","hash":"1801ef448909ea23c0a48e9d63b80d0cfd5534ce","modified":1603800355116},{"_id":"themes/yilia/layout/_partial/script.ejs","hash":"e98ec0b3b56f14d1d79af99ceb42727719a584f3","modified":1603800355076},{"_id":"public/content.json","hash":"7b84bcc6ca4aa00b951147ecd530325c226fb981","modified":1603888249732},{"_id":"public/2020/10/27/blog1/index.html","hash":"994b4fd98bccad14d5139caeb3f064e4305e5b29","modified":1603888249732},{"_id":"public/2017/01/07/01-MyFirstBLOG/index.html","hash":"5d864eff5ae4e9f7ce917d11d985479034687e7b","modified":1603888249732},{"_id":"public/archives/index.html","hash":"f6ea08b1c42b4e725549bef3921bec4c27124b25","modified":1603888249732},{"_id":"public/archives/2017/index.html","hash":"abb2a924aa7185d1cf4cd00852f6744afd5ab1a8","modified":1603888249732},{"_id":"public/archives/2017/01/index.html","hash":"a3d35d568bc0e137f3682e886cd1af98e99708b8","modified":1603888249732},{"_id":"public/archives/2020/index.html","hash":"7226a209bbc8159415db49e92a02012ca17a10be","modified":1603888249732},{"_id":"public/archives/2020/10/index.html","hash":"01f3657860cffbbfaef7eab6990413a5d6e66c87","modified":1603888249732},{"_id":"public/index.html","hash":"84039317a278e57fa3cd379ee3b0db5c9c8e3ba8","modified":1603888249732},{"_id":"public/tags/编程/index.html","hash":"49fe31fd668dd5d840ba1b3d76470cf0134f0df2","modified":1603888249732},{"_id":"public/tags/随笔/index.html","hash":"cc9ebf634fa8c9d001989b6a90e5bed4987e0c18","modified":1603888249732},{"_id":"public/CNAME","hash":"cd3755d1570e8633e1c2649b763d811c9188f16c","modified":1603888249732},{"_id":"public/assets/blogImg/ithanker.jpg","hash":"2960f7634a69ed4824c4df7d15ca4daaa5d80c63","modified":1603888249732},{"_id":"public/assets/blogImg/night.jpg","hash":"207380471b7c50c96c966e7a8710900facaf416d","modified":1603888249732},{"_id":"public/fonts/default-skin.b257fa.svg","hash":"2ac727c9e092331d35cce95af209ccfac6d4c7c7","modified":1603888249732},{"_id":"public/fonts/iconfont.16acc2.ttf","hash":"f342ac8bf4d937f42a7d6a0032ad267ab47eb7f2","modified":1603888249732},{"_id":"public/fonts/iconfont.45d7ee.svg","hash":"75767c904d483d9b93469afb6b92bb6bdface639","modified":1603888249732},{"_id":"public/fonts/iconfont.8c627f.woff","hash":"aa9672cb097f7fd73ae5a03bcd3d9d726935bc0a","modified":1603888249732},{"_id":"public/fonts/iconfont.b322fa.eot","hash":"bc8c5e88f4994a852041b4d83f126d9c4d419b4a","modified":1603888249732},{"_id":"public/fonts/tooltip.4004ff.svg","hash":"397fe4b1093bf9b62457dac48aa15dac06b54a3c","modified":1603888249732},{"_id":"public/img/default-skin.png","hash":"ed95a8e40a2c3478c5915376acb8e5f33677f24d","modified":1603888249732},{"_id":"public/img/preloader.gif","hash":"6342367c93c82da1b9c620e97c84a389cc43d96d","modified":1603888249732},{"_id":"public/img/scrollbar_arrow.png","hash":"d64a33c4ddfbdb89deeb6f4e3d36eb84dc4777c0","modified":1603888249732},{"_id":"public/main.0cf68a.css","hash":"ddf6e2c6b953c2c59a3c271e6070010a4cc81cf9","modified":1603888249732},{"_id":"public/slider.e37972.js","hash":"6dec4e220c89049037eebc44404abd8455d22ad7","modified":1603888249732},{"_id":"public/main.0cf68a.js","hash":"993fadeb5f6d296e9d997a49ee20dc97333ceab7","modified":1603888249732},{"_id":"public/mobile.992cbe.js","hash":"01b35e71e37aa2849664eb5daf26daede2278398","modified":1603888249732}],"Category":[],"Data":[],"Page":[],"Post":[{"title":"My First BLOG","date":"2017-01-06T16:29:27.000Z","_content":"![][1]\n<!--more-->\n> **“Hello World！”**\n\n这个程序界最经典的句子终于出现了。\n本BLOG第一篇文章也诞生了。（此处添加掌声…）\n从傍晚开始捣腾到现在，边找教程边操作，\n博客终于算是基本整好了，还有些细节就留待以后慢慢改吧。\n没建成之前有满脑子的想法想要写出来，\n但现在抱着键盘却不知道该写什么……\n\n本来就没文笔，况且放着那么多现成的博客类网站不用，非得想要自己搭建个，建成后又写不出来什么像样的文章，真不知道自己到底想干嘛，也许是觉得拥有一个独立的网站很带感，也许是想体验那种从无到有捣腾出网站的过程。\n\n既然木已成舟生米煮成熟饭，\n咳咳，既然博客已经搭建，\n那就得往里填内容啊，不然一个空架子看着也没意思。\n写不出来别人那种好的文章，\n那就写些自己想写的、想看的、需要的内容，\n反正目前来说这个博客几乎不会被别人发现，\n那就爱怎么着就怎么着啦哈哈。\n\n博客搭建的教程网上有很多，但多数不完整或写的不清不楚，各种方法看的也是头晕眼花，所幸边看边摸索的搭建成功了，之后一个任务就是整理出一套适合自己的教程，能不能教人另说，至少能给自己备忘一下。\n\n博客需要用markdown来写，\n但是md的语法还不怎么会用啊，\n这个\n[markdown在线编辑器][2]\n就先凑合着用吧。\n\n太困了就先到这吧，睡觉去\n晚安zzz……\n\n![](/assets/blogImg/night.jpg)\n\n[1]: https://timgsa.baidu.com/timg?image&quality=80&size=b9999_10000&sec=1530772242884&di=93670f3acd844913f0f2cc99dbf8a2fa&imgtype=jpg&src=http://img2.imgtn.bdimg.com/it/u=2491264017,1651495829&fm=214&gp=0.jpg\n[2]: https://www.zybuluo.com/mdeditor\n","source":"_posts/01-MyFirstBLOG.md","raw":"---\ntitle: My First BLOG\ndate: 2017-01-07 00:29:27\ntags: \n- 编程\n- 随笔\n---\n![][1]\n<!--more-->\n> **“Hello World！”**\n\n这个程序界最经典的句子终于出现了。\n本BLOG第一篇文章也诞生了。（此处添加掌声…）\n从傍晚开始捣腾到现在，边找教程边操作，\n博客终于算是基本整好了，还有些细节就留待以后慢慢改吧。\n没建成之前有满脑子的想法想要写出来，\n但现在抱着键盘却不知道该写什么……\n\n本来就没文笔，况且放着那么多现成的博客类网站不用，非得想要自己搭建个，建成后又写不出来什么像样的文章，真不知道自己到底想干嘛，也许是觉得拥有一个独立的网站很带感，也许是想体验那种从无到有捣腾出网站的过程。\n\n既然木已成舟生米煮成熟饭，\n咳咳，既然博客已经搭建，\n那就得往里填内容啊，不然一个空架子看着也没意思。\n写不出来别人那种好的文章，\n那就写些自己想写的、想看的、需要的内容，\n反正目前来说这个博客几乎不会被别人发现，\n那就爱怎么着就怎么着啦哈哈。\n\n博客搭建的教程网上有很多，但多数不完整或写的不清不楚，各种方法看的也是头晕眼花，所幸边看边摸索的搭建成功了，之后一个任务就是整理出一套适合自己的教程，能不能教人另说，至少能给自己备忘一下。\n\n博客需要用markdown来写，\n但是md的语法还不怎么会用啊，\n这个\n[markdown在线编辑器][2]\n就先凑合着用吧。\n\n太困了就先到这吧，睡觉去\n晚安zzz……\n\n![](/assets/blogImg/night.jpg)\n\n[1]: https://timgsa.baidu.com/timg?image&quality=80&size=b9999_10000&sec=1530772242884&di=93670f3acd844913f0f2cc99dbf8a2fa&imgtype=jpg&src=http://img2.imgtn.bdimg.com/it/u=2491264017,1651495829&fm=214&gp=0.jpg\n[2]: https://www.zybuluo.com/mdeditor\n","slug":"01-MyFirstBLOG","published":1,"updated":"2020-10-27T12:05:55.055Z","comments":1,"layout":"post","photos":[],"link":"","_id":"ckgtdnipb0000roq9cpg807yn","content":"<p><img src=\"https://timgsa.baidu.com/timg?image&quality=80&size=b9999_10000&sec=1530772242884&di=93670f3acd844913f0f2cc99dbf8a2fa&imgtype=jpg&src=http://img2.imgtn.bdimg.com/it/u=2491264017,1651495829&fm=214&gp=0.jpg\"></p>\n<a id=\"more\"></a>\n<blockquote>\n<p><strong>“Hello World！”</strong></p>\n</blockquote>\n<p>这个程序界最经典的句子终于出现了。<br>本BLOG第一篇文章也诞生了。（此处添加掌声…）<br>从傍晚开始捣腾到现在，边找教程边操作，<br>博客终于算是基本整好了，还有些细节就留待以后慢慢改吧。<br>没建成之前有满脑子的想法想要写出来，<br>但现在抱着键盘却不知道该写什么……</p>\n<p>本来就没文笔，况且放着那么多现成的博客类网站不用，非得想要自己搭建个，建成后又写不出来什么像样的文章，真不知道自己到底想干嘛，也许是觉得拥有一个独立的网站很带感，也许是想体验那种从无到有捣腾出网站的过程。</p>\n<p>既然木已成舟生米煮成熟饭，<br>咳咳，既然博客已经搭建，<br>那就得往里填内容啊，不然一个空架子看着也没意思。<br>写不出来别人那种好的文章，<br>那就写些自己想写的、想看的、需要的内容，<br>反正目前来说这个博客几乎不会被别人发现，<br>那就爱怎么着就怎么着啦哈哈。</p>\n<p>博客搭建的教程网上有很多，但多数不完整或写的不清不楚，各种方法看的也是头晕眼花，所幸边看边摸索的搭建成功了，之后一个任务就是整理出一套适合自己的教程，能不能教人另说，至少能给自己备忘一下。</p>\n<p>博客需要用markdown来写，<br>但是md的语法还不怎么会用啊，<br>这个<br><a href=\"https://www.zybuluo.com/mdeditor\">markdown在线编辑器</a><br>就先凑合着用吧。</p>\n<p>太困了就先到这吧，睡觉去<br>晚安zzz……</p>\n<p><img src=\"/assets/blogImg/night.jpg\"></p>\n","site":{"data":{}},"excerpt":"<p><img src=\"https://timgsa.baidu.com/timg?image&quality=80&size=b9999_10000&sec=1530772242884&di=93670f3acd844913f0f2cc99dbf8a2fa&imgtype=jpg&src=http://img2.imgtn.bdimg.com/it/u=2491264017,1651495829&fm=214&gp=0.jpg\"></p>","more":"<blockquote>\n<p><strong>“Hello World！”</strong></p>\n</blockquote>\n<p>这个程序界最经典的句子终于出现了。<br>本BLOG第一篇文章也诞生了。（此处添加掌声…）<br>从傍晚开始捣腾到现在，边找教程边操作，<br>博客终于算是基本整好了，还有些细节就留待以后慢慢改吧。<br>没建成之前有满脑子的想法想要写出来，<br>但现在抱着键盘却不知道该写什么……</p>\n<p>本来就没文笔，况且放着那么多现成的博客类网站不用，非得想要自己搭建个，建成后又写不出来什么像样的文章，真不知道自己到底想干嘛，也许是觉得拥有一个独立的网站很带感，也许是想体验那种从无到有捣腾出网站的过程。</p>\n<p>既然木已成舟生米煮成熟饭，<br>咳咳，既然博客已经搭建，<br>那就得往里填内容啊，不然一个空架子看着也没意思。<br>写不出来别人那种好的文章，<br>那就写些自己想写的、想看的、需要的内容，<br>反正目前来说这个博客几乎不会被别人发现，<br>那就爱怎么着就怎么着啦哈哈。</p>\n<p>博客搭建的教程网上有很多，但多数不完整或写的不清不楚，各种方法看的也是头晕眼花，所幸边看边摸索的搭建成功了，之后一个任务就是整理出一套适合自己的教程，能不能教人另说，至少能给自己备忘一下。</p>\n<p>博客需要用markdown来写，<br>但是md的语法还不怎么会用啊，<br>这个<br><a href=\"https://www.zybuluo.com/mdeditor\">markdown在线编辑器</a><br>就先凑合着用吧。</p>\n<p>太困了就先到这吧，睡觉去<br>晚安zzz……</p>\n<p><img src=\"/assets/blogImg/night.jpg\"></p>"},{"title":"织梦CMS删除栏目功能失效解决方法","date":"2020-10-27T12:48:33.000Z","_content":"\n明明提示删除成功了，可是栏目还在后台栏目管理里，那是因为你的web环境PHP版本太高，例如PHP7的，织梦最新版本20180109还不能完全兼容PHP7，要么降低你的PHP版本为PHP5，要么修改一下这个文件\n<!--more-->\n打开 /include/typeunit.class.admin.php 找到\n```php\n$this->idArray = \"\";\n```\n改成\n```php\n$this->idArray = array();\n```\n这样修改后，无论什么PHP版本都能正常删除栏目了\n\n","source":"_posts/2020-10-27-blog1.md","raw":"---\ntitle: 织梦CMS删除栏目功能失效解决方法\ndate: 2020-10-27 20:48:33\ntags:\n- 编程\n---\n\n明明提示删除成功了，可是栏目还在后台栏目管理里，那是因为你的web环境PHP版本太高，例如PHP7的，织梦最新版本20180109还不能完全兼容PHP7，要么降低你的PHP版本为PHP5，要么修改一下这个文件\n<!--more-->\n打开 /include/typeunit.class.admin.php 找到\n```php\n$this->idArray = \"\";\n```\n改成\n```php\n$this->idArray = array();\n```\n这样修改后，无论什么PHP版本都能正常删除栏目了\n\n","slug":"blog1","published":1,"updated":"2020-10-27T12:56:09.933Z","comments":1,"layout":"post","photos":[],"link":"","_id":"ckgtdnipk0001roq919bmcjhf","content":"<p>明明提示删除成功了，可是栏目还在后台栏目管理里，那是因为你的web环境PHP版本太高，例如PHP7的，织梦最新版本20180109还不能完全兼容PHP7，要么降低你的PHP版本为PHP5，要么修改一下这个文件</p>\n<a id=\"more\"></a>\n<p>打开 /include/typeunit.class.admin.php 找到</p>\n<figure class=\"highlight php\"><table><tr><td class=\"gutter\"><pre><span class=\"line\">1</span><br></pre></td><td class=\"code\"><pre><span class=\"line\"><span class=\"keyword\">$this</span>-&gt;idArray = <span class=\"string\">&quot;&quot;</span>;</span><br></pre></td></tr></table></figure>\n<p>改成</p>\n<figure class=\"highlight php\"><table><tr><td class=\"gutter\"><pre><span class=\"line\">1</span><br></pre></td><td class=\"code\"><pre><span class=\"line\"><span class=\"keyword\">$this</span>-&gt;idArray = <span class=\"keyword\">array</span>();</span><br></pre></td></tr></table></figure>\n<p>这样修改后，无论什么PHP版本都能正常删除栏目了</p>\n","site":{"data":{}},"excerpt":"<p>明明提示删除成功了，可是栏目还在后台栏目管理里，那是因为你的web环境PHP版本太高，例如PHP7的，织梦最新版本20180109还不能完全兼容PHP7，要么降低你的PHP版本为PHP5，要么修改一下这个文件</p>","more":"<p>打开 /include/typeunit.class.admin.php 找到</p>\n<figure class=\"highlight php\"><table><tr><td class=\"gutter\"><pre><span class=\"line\">1</span><br></pre></td><td class=\"code\"><pre><span class=\"line\"><span class=\"keyword\">$this</span>-&gt;idArray = <span class=\"string\">&quot;&quot;</span>;</span><br></pre></td></tr></table></figure>\n<p>改成</p>\n<figure class=\"highlight php\"><table><tr><td class=\"gutter\"><pre><span class=\"line\">1</span><br></pre></td><td class=\"code\"><pre><span class=\"line\"><span class=\"keyword\">$this</span>-&gt;idArray = <span class=\"keyword\">array</span>();</span><br></pre></td></tr></table></figure>\n<p>这样修改后，无论什么PHP版本都能正常删除栏目了</p>"}],"PostAsset":[],"PostCategory":[],"PostTag":[{"post_id":"ckgtdnipb0000roq9cpg807yn","tag_id":"ckgtdnipm0002roq9acr70jc4","_id":"ckgtdnipr0005roq9d07dgtsb"},{"post_id":"ckgtdnipb0000roq9cpg807yn","tag_id":"ckgtdnipo0003roq9hobv0kvc","_id":"ckgtdnipr0006roq93f4nfn5h"},{"post_id":"ckgtdnipk0001roq919bmcjhf","tag_id":"ckgtdnipm0002roq9acr70jc4","_id":"ckgtdnips0007roq963b0hyor"}],"Tag":[{"name":"编程","_id":"ckgtdnipm0002roq9acr70jc4"},{"name":"随笔","_id":"ckgtdnipo0003roq9hobv0kvc"}]}}