[{"title":"织梦CMS删除栏目功能失效解决方法","date":"2020-10-27T12:48:33.000Z","path":"2020/10/27/blog1/","tags":[{"name":"编程","slug":"编程","permalink":"http://example.com/tags/%E7%BC%96%E7%A8%8B/"}]},{"title":"My First BLOG","date":"2017-01-06T16:29:27.000Z","path":"2017/01/07/01-MyFirstBLOG/","tags":[{"name":"编程","slug":"编程","permalink":"http://example.com/tags/%E7%BC%96%E7%A8%8B/"},{"name":"随笔","slug":"随笔","permalink":"http://example.com/tags/%E9%9A%8F%E7%AC%94/"}]}]